track_id,conf,lon,lat,frame
1,0.8874299464339681,73.05119528853434,33.70153217604735,0
1,0.8874299464339681,73.05119528853434,33.70153217604735,1
1,0.8874299464339681,73.05119528853434,33.70153217604735,2
1,0.8874299464339681,73.05119528853434,33.70153217604735,3
1,0.8874299464339681,73.05119528853434,33.70153217604735,4
2,0.7060613493867597,73.05121738825083,33.70150797531958,0
2,0.7060613493867597,73.05121738825083,33.70150797531958,1
2,0.7060613493867597,73.05121738825083,33.70150797531958,2
2,0.7060613493867597,73.05121738825083,33.70150797531958,3
2,0.7060613493867597,73.05121738825083,33.70150797531958,4
3,0.7557767070589263,73.0512534261537,33.70153472634751,0
3,0.7557767070589263,73.0512534261537,33.70153472634751,1
3,0.7557767070589263,73.0512534261537,33.70153472634751,2
3,0.7557767070589263,73.0512534261537,33.70153472634751,3
3,0.7557767070589263,73.0512534261537,33.70153472634751,4
4,0.9484250992020373,73.05123628804533,33.7015557328199,0
4,0.9484250992020373,73.05123628804533,33.7015557328199,1
4,0.9484250992020373,73.05123628804533,33.7015557328199,2
4,0.9484250992020373,73.05123628804533,33.7015557328199,3
4,0.9484250992020373,73.05123628804533,33.7015557328199,4
5,0.9461360516886597,73.05121992357768,33.70146181958555,0
5,0.9461360516886597,73.05121992357768,33.70146181958555,1
5,0.9461360516886597,73.05121992357768,33.70146181958555,2
5,0.9461360516886597,73.05121992357768,33.70146181958555,3
5,0.9461360516886597,73.05121992357768,33.70146181958555,4
6,0.8143888614955608,73.05115885696918,33.701520952215034,0
6,0.8143888614955608,73.05115885696918,33.701520952215034,1
6,0.8143888614955608,73.05115885696918,33.701520952215034,2
6,0.8143888614955608,73.05115885696918,33.701520952215034,3
6,0.8143888614955608,73.05115885696918,33.701520952215034,4
7,0.7802110870949795,73.05151392541664,33.700563317956956,0
7,0.7802110870949795,73.05151392541664,33.700563317956956,1
7,0.7802110870949795,73.05151392541664,33.700563317956956,2
7,0.7802110870949795,73.05151392541664,33.700563317956956,3
7,0.7802110870949795,73.05151392541664,33.700563317956956,4
8,0.8202291890718536,73.05139422031284,33.700536345031225,0
8,0.8202291890718536,73.05139422031284,33.700536345031225,1
8,0.8202291890718536,73.05139422031284,33.700536345031225,2
8,0.8202291890718536,73.05139422031284,33.700536345031225,3
8,0.8202291890718536,73.05139422031284,33.700536345031225,4
9,0.6866302227095658,73.05150848508755,33.700502387197595,0
9,0.6866302227095658,73.05150848508755,33.700502387197595,1
9,0.6866302227095658,73.05150848508755,33.700502387197595,2
9,0.6866302227095658,73.05150848508755,33.700502387197595,3
9,0.6866302227095658,73.05150848508755,33.700502387197595,4
10,0.8422112423086436,73.05150948009346,33.70052229935571,0
10,0.8422112423086436,73.05150948009346,33.70052229935571,1
10,0.8422112423086436,73.05150948009346,33.70052229935571,2
10,0.8422112423086436,73.05150948009346,33.70052229935571,3
10,0.8422112423086436,73.05150948009346,33.70052229935571,4
11,0.6013069847182265,73.05154877434066,33.70052908661428,0
11,0.6013069847182265,73.05154877434066,33.70052908661428,1
11,0.6013069847182265,73.05154877434066,33.70052908661428,2
11,0.6013069847182265,73.05154877434066,33.70052908661428,3
11,0.6013069847182265,73.05154877434066,33.70052908661428,4
12,0.6936597565973248,73.05154097765521,33.70053704076807,0
12,0.6936597565973248,73.05154097765521,33.70053704076807,1
12,0.6936597565973248,73.05154097765521,33.70053704076807,2
12,0.6936597565973248,73.05154097765521,33.70053704076807,3
12,0.6936597565973248,73.05154097765521,33.70053704076807,4
13,0.8965025862280542,73.05150706442659,33.70055985636397,0
13,0.8965025862280542,73.05150706442659,33.70055985636397,1
13,0.8965025862280542,73.05150706442659,33.70055985636397,2
13,0.8965025862280542,73.05150706442659,33.70055985636397,3
13,0.8965025862280542,73.05150706442659,33.70055985636397,4
14,0.35,73.05126673461525,33.70130505713529,0
